Date,Time,Home,Away,OddsH,OddsD,OddsA
10/10/2026,23:00,Juarez,Club Tijuana,,,
10/10/2026,23:00,Queretaro,Atlante,,,
11/10/2026,01:00,Atlas,Guadalajara Chivas,,,
11/10/2026,03:10,Club America,Monterrey,,,
11/10/2026,23:00,Atl. San Luis,Santos Laguna,,,
11/10/2026,23:10,Pachuca,Necaxa,,,
12/10/2026,01:15,UNAM Pumas,Cruz Azul,,,
17/10/2026,01:00,Necaxa,Atlas,,,
17/10/2026,03:00,Atlante,UNAM Pumas,,,
17/10/2026,03:00,Club Tijuana,Puebla,,,
17/10/2026,23:00,Santos Laguna,Queretaro,,,
17/10/2026,23:07,Guadalajara Chivas,Tigres UANL,,,
18/10/2026,01:00,Club Leon,Club America,,,
18/10/2026,01:00,Toluca,Atl. San Luis,,,
18/10/2026,03:00,Cruz Azul,Juarez,,,
