logged_at_utc,kickoff_utc,home,away,model,version,p_home,p_draw,p_away,prev_hash,hash
2026-10-07T21:19:22,2026-10-10T01:00:00,Puebla,Club Leon,dc,0.1.0,0.3561,0.2795,0.3644,0000000000000000000000000000000000000000000000000000000000000000,b8e81f3be9f7e7a30d5899de5c61f51018cd7865bdc8f1692002c15a77ffae27
2026-10-07T21:19:22,2026-10-10T03:00:00,Tigres UANL,Toluca,dc,0.1.0,0.4071,0.2733,0.3196,b8e81f3be9f7e7a30d5899de5c61f51018cd7865bdc8f1692002c15a77ffae27,e5edec6766e809c6d8a7452b94caf0c5b690613b6c41018e2234278c39dc801a
2026-10-07T21:19:22,2026-10-10T23:00:00,Juarez,Club Tijuana,dc,0.1.0,0.3532,0.2572,0.3896,e5edec6766e809c6d8a7452b94caf0c5b690613b6c41018e2234278c39dc801a,db2a9fbe9730982e7535e7c93b3cc9b2beaa5764086dd68aa08c4dff8deabc5c
2026-10-07T21:19:22,2026-10-10T23:00:00,Queretaro,Atlante,dc,0.1.0,0.4035,0.2918,0.3048,db2a9fbe9730982e7535e7c93b3cc9b2beaa5764086dd68aa08c4dff8deabc5c,34a9ce3883b660d43b58ab0b3874df5a0656b00b4e26000a7c6957a16051e67f
2026-10-07T21:19:22,2026-10-11T01:00:00,Atlas,Guadalajara Chivas,dc,0.1.0,0.2956,0.2821,0.4223,34a9ce3883b660d43b58ab0b3874df5a0656b00b4e26000a7c6957a16051e67f,bbe2c6c296622a8cdf79ea5012545712c052f3c11c83f26e2ea5c001167dabb4
2026-10-07T21:19:22,2026-10-11T03:10:00,Club America,Monterrey,dc,0.1.0,0.5557,0.2401,0.2042,bbe2c6c296622a8cdf79ea5012545712c052f3c11c83f26e2ea5c001167dabb4,5f700387278d608dc2605de8785421d391c0e83d1e8d9e42df5e2bc62c0f98de
2026-10-07T21:19:22,2026-10-11T23:00:00,Atl. San Luis,Santos Laguna,dc,0.1.0,0.5514,0.2278,0.2208,5f700387278d608dc2605de8785421d391c0e83d1e8d9e42df5e2bc62c0f98de,8737bcdbf32cb1d8a896897bdd102a722fe12b81e68f32527517e9c3da472258
2026-10-07T21:19:22,2026-10-11T23:15:00,Pachuca,Necaxa,dc,0.1.0,0.5798,0.2322,0.1880,8737bcdbf32cb1d8a896897bdd102a722fe12b81e68f32527517e9c3da472258,7ae9512c0291496498b216eb48bf50d7750c00eece3cd71d064eac386ef9958b
2026-10-07T21:19:22,2026-10-12T01:10:00,UNAM Pumas,Cruz Azul,dc,0.1.0,0.3765,0.2687,0.3548,7ae9512c0291496498b216eb48bf50d7750c00eece3cd71d064eac386ef9958b,0d32a4a97a0d3e6892212d9e90b392f16973e51883bbba4827212ed00c176be4
